{
  "extends": 
    "tslint:recommended",
  "linterOptions": {
    "exclude": [
      "package.json",
      "build/**/*",
      "**/node_modules/**/*",
      "database/**/*"
    ]
  },
  "rules": {
    "arrow-return-shorthand": [
      true
    ],
    "class-name": true,
    "curly": [
      true,
      "ignore-same-line"
    ],
    "encoding": true,
    "interface-name": [
      true
    ],
    "interface-over-type-literal": true,
    "max-classes-per-file": false,
    "member-access": [
      true,
      "no-public"
    ],
    "no-boolean-literal-compare": true,
    "no-duplicate-imports": true,
    "no-empty": [
      true,
      "allow-empty-catch"
    ],
    "no-empty-interface": false,
    "no-for-in-array": true,
    "no-inferrable-types": true,
    "no-invalid-template-strings": true,
    "no-return-await": true,
    "no-shadowed-variable": false,
    "no-string-throw": true,
    "no-var-keyword": true,
    "object-literal-sort-keys": false,
    "ordered-imports": [
      true,
      {
        "grouped-imports": true,
        "import-sources-order": "lowercase-last",
        "named-imports-order": "lowercase-last"
      }
    ],
    "prefer-const": true,
    "prefer-for-of": false,
    "prefer-function-over-method": true,
    "prefer-object-spread": true,
    "prefer-readonly": true,
    "prefer-template": true, 
    "switch-default": true,
    "variable-name": [
      true,
      "allow-leading-underscore",
      "ban-keywords",
      "check-format",
      "allow-pascal-case"
    ]
  }
}